position_id,book_name,asset,counterparty,counterparty_account,lcm_event_type,position_account,quantity
04d94318-8e0f-11eb-b3bb-8c8590a4e7d8_0,0.0,"{""@class"":""tech.tongyu.bct.cm.product.asset.AssetImpl"",""instrument"":{""@class"":""tech.tongyu.bct.cm.product.iov.impl.AnnualizedVanillaOption"",""underlyerMultiplier"":1E+1,""underlyer"":{""@class"":""tech.tongyu.bct.cm.product.iov.cmd.impl.CommodityInstrument"",""instrumentId"":""AU9999.SGE"",""description"":""AU9999.SGE"",""currency"":{""symbol"":""￥"",""name"":""CNY""},""venue"":null},""optionType"":""CALL"",""assetClassType"":""COMMODITY"",""productType"":""VANILLA_EUROPEAN"",""frontPremium"":{""unit"":{""@class"":""tech.tongyu.bct.cm.reference.impl.CurrencyUnit"",""symbol"":""￥"",""name"":""CNY""},""value"":[""java.math.BigDecimal"",0]},""minimumPremium"":{""unit"":{""@class"":""tech.tongyu.bct.cm.reference.impl.CurrencyUnit"",""symbol"":""￥"",""name"":""CNY""},""value"":[""java.math.BigDecimal"",0]},""premium"":{""unit"":{""@class"":""tech.tongyu.bct.cm.reference.impl.CurrencyUnit"",""symbol"":""￥"",""name"":""CNY""},""value"":[""java.math.BigDecimal"",0]},""notionalAmount"":{""unit"":{""@class"":""tech.tongyu.bct.cm.reference.impl.CurrencyUnit"",""symbol"":""￥"",""name"":""CNY""},""value"":[""java.math.BigDecimal"",77576125.875]},""participationRate"":0.9,""startDate"":""2020-08-27"",""endDate"":""2021-08-06"",""daysInYear"":365,""term"":344,""annualized"":false,""annValRatio"":null,""exerciseType"":""EUROPEAN"",""expirationDate"":{""@class"":""tech.tongyu.bct.cm.core.AbsoluteDate"",""unadjustedDate"":""2021-08-06"",""adjustment"":{""businessDayConvention"":""NONE"",""businessCenters"":[]}},""specifiedPrice"":""CLOSE"",""expirationTime"":null,""initialSpot"":315.9726,""settlementDate"":""2021-08-06"",""settlementType"":""CASH"",""strike"":{""unit"":{""@class"":""tech.tongyu.bct.cm.reference.impl.CurrencyUnit"",""symbol"":""￥"",""name"":""CNY""},""value"":[""java.math.BigDecimal"",315.9726]},""effectiveDate"":""2020-08-27""},""partyRoles"":[{""@class"":""tech.tongyu.bct.cm.product.iov.impl.PartyRole"",""party"":{""@class"":""tech.tongyu.bct.cm.reference.impl.SimpleParty"",""partyUUID"":""e12cbac4-b2b3-4458-942f-e2552aeabeb0"",""partyName"":""party"",""partyCode"":""party""},""role"":""BUYER"",""account"":null},{""@class"":""tech.tongyu.bct.cm.product.iov.impl.PartyRole"",""party"":{""@class"":""tech.tongyu.bct.cm.reference.impl.SimpleParty"",""partyUUID"":""3bda089d-40fa-4445-8437-7163b75fba70"",""partyName"":""对手方001"",""partyCode"":""对手方001""},""role"":""SELLER"",""account"":null}],""quantityFactors"":{}}","{""@class"":""tech.tongyu.bct.cm.reference.impl.SimpleParty"",""partyUUID"":""896dda3f-4338-4a01-a055-64db1016433a"",""partyName"":""对手方001"",""partyCode"":""对手方001""}","{""@class"":""tech.tongyu.bct.cm.reference.impl.SimpleAccount"",""accountUUID"":""593dc749-e332-4df9-8488-66ec6f73a174"",""accountCode"":""empty"",""accountName"":""empty""}",OPEN,"{""@class"":""tech.tongyu.bct.cm.reference.impl.SimpleAccount"",""accountUUID"":""f879ebd3-a51d-42ca-b65d-a8295fc9ed01"",""accountCode"":""empty"",""accountName"":""empty""}",0.0
04d946a6-8e0f-11eb-b3bb-8c8590a4e7d8_0,0.0,"{""@class"":""tech.tongyu.bct.cm.product.asset.AssetImpl"",""instrument"":{""@class"":""tech.tongyu.bct.cm.product.iov.impl.AnnualizedVanillaOption"",""underlyerMultiplier"":1,""underlyer"":{""@class"":""tech.tongyu.bct.cm.product.iov.eqd.impl.EquityIndexInstrument"",""instrumentId"":""000905.SH"",""venue"":null,""assetClassType"":null,""productType"":null},""optionType"":""CALL"",""assetClassType"":""EQUITY"",""productType"":""VANILLA_EUROPEAN"",""frontPremium"":{""unit"":{""@class"":""tech.tongyu.bct.cm.reference.impl.CurrencyUnit"",""symbol"":""￥"",""name"":""CNY""},""value"":[""java.math.BigDecimal"",0]},""minimumPremium"":{""unit"":{""@class"":""tech.tongyu.bct.cm.reference.impl.CurrencyUnit"",""symbol"":""￥"",""name"":""CNY""},""value"":[""java.math.BigDecimal"",0]},""premium"":{""unit"":{""@class"":""tech.tongyu.bct.cm.reference.impl.CurrencyUnit"",""symbol"":""￥"",""name"":""CNY""},""value"":[""java.math.BigDecimal"",0]},""notionalAmount"":{""unit"":{""@class"":""tech.tongyu.bct.cm.reference.impl.CurrencyUnit"",""symbol"":""￥"",""name"":""CNY""},""value"":[""java.math.BigDecimal"",7265175.3356]},""participationRate"":0.96,""startDate"":""2020-08-27"",""endDate"":""2022-11-11"",""daysInYear"":3.6E+2,""term"":806,""annualized"":true,""annValRatio"":null,""exerciseType"":""EUROPEAN"",""expirationDate"":{""@class"":""tech.tongyu.bct.cm.core.AbsoluteDate"",""unadjustedDate"":""2022-11-11"",""adjustment"":{""businessDayConvention"":""NONE"",""businessCenters"":[]}},""specifiedPrice"":""CLOSE"",""expirationTime"":null,""initialSpot"":4529.711,""settlementDate"":""2022-11-11"",""settlementType"":""CASH"",""strike"":{""unit"":{""@class"":""tech.tongyu.bct.cm.reference.impl.CurrencyUnit"",""symbol"":""￥"",""name"":""CNY""},""value"":[""java.math.BigDecimal"",4529.711]},""effectiveDate"":""2020-08-27""},""partyRoles"":[{""@class"":""tech.tongyu.bct.cm.product.iov.impl.PartyRole"",""party"":{""@class"":""tech.tongyu.bct.cm.reference.impl.SimpleParty"",""partyUUID"":""f401d366-69ce-4e62-a095-2076e1b3602f"",""partyName"":""party"",""partyCode"":""party""},""role"":""BUYER"",""account"":null},{""@class"":""tech.tongyu.bct.cm.product.iov.impl.PartyRole"",""party"":{""@class"":""tech.tongyu.bct.cm.reference.impl.SimpleParty"",""partyUUID"":""248e6c48-fa12-4870-be1b-c5503d9d161a"",""partyName"":""对手方002"",""partyCode"":""对手方002""},""role"":""SELLER"",""account"":null}],""quantityFactors"":{}}","{""@class"":""tech.tongyu.bct.cm.reference.impl.SimpleParty"",""partyUUID"":""4558537c-0b22-42f0-b7e8-a7e08fd8d391"",""partyName"":""对手方002"",""partyCode"":""对手方002""}","{""@class"":""tech.tongyu.bct.cm.reference.impl.SimpleAccount"",""accountUUID"":""bf4f3fee-f5e0-42ec-bdef-5143ba0af68d"",""accountCode"":""empty"",""accountName"":""empty""}",OPEN,"{""@class"":""tech.tongyu.bct.cm.reference.impl.SimpleAccount"",""accountUUID"":""c4d20387-1d72-4643-bb93-8857fc4066da"",""accountCode"":""empty"",""accountName"":""empty""}",0.0
04d947f0-8e0f-11eb-b3bb-8c8590a4e7d8_0,0.0,"{""@class"":""tech.tongyu.bct.cm.product.asset.AssetImpl"",""instrument"":{""@class"":""tech.tongyu.bct.cm.product.iov.impl.AnnualizedVanillaOption"",""underlyerMultiplier"":1,""underlyer"":{""@class"":""tech.tongyu.bct.cm.product.iov.eqd.impl.EquityIndexInstrument"",""instrumentId"":""000905.SH"",""venue"":null,""assetClassType"":null,""productType"":null},""optionType"":""PUT"",""assetClassType"":""EQUITY"",""productType"":""VANILLA_EUROPEAN"",""frontPremium"":{""unit"":{""@class"":""tech.tongyu.bct.cm.reference.impl.CurrencyUnit"",""symbol"":""￥"",""name"":""CNY""},""value"":[""java.math.BigDecimal"",0]},""minimumPremium"":{""unit"":{""@class"":""tech.tongyu.bct.cm.reference.impl.CurrencyUnit"",""symbol"":""￥"",""name"":""CNY""},""value"":[""java.math.BigDecimal"",0]},""premium"":{""unit"":{""@class"":""tech.tongyu.bct.cm.reference.impl.CurrencyUnit"",""symbol"":""￥"",""name"":""CNY""},""value"":[""java.math.BigDecimal"",0]},""notionalAmount"":{""unit"":{""@class"":""tech.tongyu.bct.cm.reference.impl.CurrencyUnit"",""symbol"":""￥"",""name"":""CNY""},""value"":[""java.math.BigDecimal"",59781941.6295]},""participationRate"":0.41,""startDate"":""2020-08-27"",""endDate"":""2024-04-19"",""daysInYear"":3.6E+2,""term"":1331,""annualized"":false,""annValRatio"":null,""exerciseType"":""EUROPEAN"",""expirationDate"":{""@class"":""tech.tongyu.bct.cm.core.AbsoluteDate"",""unadjustedDate"":""2024-04-19"",""adjustment"":{""businessDayConvention"":""NONE"",""businessCenters"":[]}},""specifiedPrice"":""CLOSE"",""expirationTime"":null,""initialSpot"":4429.711,""settlementDate"":""2024-04-19"",""settlementType"":""CASH"",""strike"":{""unit"":{""@class"":""tech.tongyu.bct.cm.reference.impl.CurrencyUnit"",""symbol"":""￥"",""name"":""CNY""},""value"":[""java.math.BigDecimal"",4429.711]},""effectiveDate"":""2020-08-27""},""partyRoles"":[{""@class"":""tech.tongyu.bct.cm.product.iov.impl.PartyRole"",""party"":{""@class"":""tech.tongyu.bct.cm.reference.impl.SimpleParty"",""partyUUID"":""b24e3e11-ca1f-459d-bce8-6ce0210cdbbe"",""partyName"":""party"",""partyCode"":""party""},""role"":""BUYER"",""account"":null},{""@class"":""tech.tongyu.bct.cm.product.iov.impl.PartyRole"",""party"":{""@class"":""tech.tongyu.bct.cm.reference.impl.SimpleParty"",""partyUUID"":""5ba9c3fd-03be-4000-898a-1ffcdee31709"",""partyName"":""对手方003"",""partyCode"":""对手方003""},""role"":""SELLER"",""account"":null}],""quantityFactors"":{}}","{""@class"":""tech.tongyu.bct.cm.reference.impl.SimpleParty"",""partyUUID"":""c01b6217-8382-4c1e-9aa2-c9fffca5e04f"",""partyName"":""对手方003"",""partyCode"":""对手方003""}","{""@class"":""tech.tongyu.bct.cm.reference.impl.SimpleAccount"",""accountUUID"":""a3237b4e-8155-46ab-bbe2-43580f7a180f"",""accountCode"":""empty"",""accountName"":""empty""}",OPEN,"{""@class"":""tech.tongyu.bct.cm.reference.impl.SimpleAccount"",""accountUUID"":""96871565-742e-43b8-9160-4786134f09e8"",""accountCode"":""empty"",""accountName"":""empty""}",0.0
04d94bba-8e0f-11eb-b3bb-8c8590a4e7d8_0,0.0,"{""@class"":""tech.tongyu.bct.cm.product.asset.AssetImpl"",""instrument"":{""@class"":""tech.tongyu.bct.cm.product.iov.impl.AnnualizedVanillaOption"",""underlyerMultiplier"":1E+1,""underlyer"":{""@class"":""tech.tongyu.bct.cm.product.iov.cmd.impl.CommodityInstrument"",""instrumentId"":""AU9999.SGE"",""description"":""AU9999.SGE"",""currency"":{""symbol"":""￥"",""name"":""CNY""},""venue"":null},""optionType"":""CALL"",""assetClassType"":""COMMODITY"",""productType"":""VANILLA_EUROPEAN"",""frontPremium"":{""unit"":{""@class"":""tech.tongyu.bct.cm.reference.impl.CurrencyUnit"",""symbol"":""￥"",""name"":""CNY""},""value"":[""java.math.BigDecimal"",0]},""minimumPremium"":{""unit"":{""@class"":""tech.tongyu.bct.cm.reference.impl.CurrencyUnit"",""symbol"":""￥"",""name"":""CNY""},""value"":[""java.math.BigDecimal"",0]},""premium"":{""unit"":{""@class"":""tech.tongyu.bct.cm.reference.impl.CurrencyUnit"",""symbol"":""￥"",""name"":""CNY""},""value"":[""java.math.BigDecimal"",0]},""notionalAmount"":{""unit"":{""@class"":""tech.tongyu.bct.cm.reference.impl.CurrencyUnit"",""symbol"":""￥"",""name"":""CNY""},""value"":[""java.math.BigDecimal"",13719851.496]},""participationRate"":0.88,""startDate"":""2020-08-27"",""endDate"":""2020-11-06"",""daysInYear"":3.6E+2,""term"":71,""annualized"":true,""annValRatio"":null,""exerciseType"":""EUROPEAN"",""expirationDate"":{""@class"":""tech.tongyu.bct.cm.core.AbsoluteDate"",""unadjustedDate"":""2020-11-06"",""adjustment"":{""businessDayConvention"":""NONE"",""businessCenters"":[]}},""specifiedPrice"":""CLOSE"",""expirationTime"":null,""initialSpot"":320.9726,""settlementDate"":""2020-11-06"",""settlementType"":""CASH"",""strike"":{""unit"":{""@class"":""tech.tongyu.bct.cm.reference.impl.CurrencyUnit"",""symbol"":""￥"",""name"":""CNY""},""value"":[""java.math.BigDecimal"",320.9726]},""effectiveDate"":""2020-08-27""},""partyRoles"":[{""@class"":""tech.tongyu.bct.cm.product.iov.impl.PartyRole"",""party"":{""@class"":""tech.tongyu.bct.cm.reference.impl.SimpleParty"",""partyUUID"":""cf8ea85d-4c9a-4319-8333-165111141b6e"",""partyName"":""party"",""partyCode"":""party""},""role"":""BUYER"",""account"":null},{""@class"":""tech.tongyu.bct.cm.product.iov.impl.PartyRole"",""party"":{""@class"":""tech.tongyu.bct.cm.reference.impl.SimpleParty"",""partyUUID"":""08650ab4-1d08-4a4a-a4fe-4bb1c5031d6e"",""partyName"":""对手方001"",""partyCode"":""对手方001""},""role"":""SELLER"",""account"":null}],""quantityFactors"":{}}","{""@class"":""tech.tongyu.bct.cm.reference.impl.SimpleParty"",""partyUUID"":""69410aab-7c3e-41a8-9f6f-3f65d438e2f0"",""partyName"":""对手方001"",""partyCode"":""对手方001""}","{""@class"":""tech.tongyu.bct.cm.reference.impl.SimpleAccount"",""accountUUID"":""da451244-075e-4ddf-ad8b-d748914e61b4"",""accountCode"":""empty"",""accountName"":""empty""}",OPEN,"{""@class"":""tech.tongyu.bct.cm.reference.impl.SimpleAccount"",""accountUUID"":""dddfac36-7d63-48be-8462-ece989455754"",""accountCode"":""empty"",""accountName"":""empty""}",0.0
04d94c96-8e0f-11eb-b3bb-8c8590a4e7d8_0,0.0,"{""@class"":""tech.tongyu.bct.cm.product.asset.AssetImpl"",""instrument"":{""@class"":""tech.tongyu.bct.cm.product.iov.impl.AnnualizedVanillaOption"",""underlyerMultiplier"":1,""underlyer"":{""@class"":""tech.tongyu.bct.cm.product.iov.eqd.impl.EquityIndexInstrument"",""instrumentId"":""000905.SH"",""venue"":null,""assetClassType"":null,""productType"":null},""optionType"":""CALL"",""assetClassType"":""EQUITY"",""productType"":""VANILLA_EUROPEAN"",""frontPremium"":{""unit"":{""@class"":""tech.tongyu.bct.cm.reference.impl.CurrencyUnit"",""symbol"":""￥"",""name"":""CNY""},""value"":[""java.math.BigDecimal"",0]},""minimumPremium"":{""unit"":{""@class"":""tech.tongyu.bct.cm.reference.impl.CurrencyUnit"",""symbol"":""￥"",""name"":""CNY""},""value"":[""java.math.BigDecimal"",0]},""premium"":{""unit"":{""@class"":""tech.tongyu.bct.cm.reference.impl.CurrencyUnit"",""symbol"":""￥"",""name"":""CNY""},""value"":[""java.math.BigDecimal"",0]},""notionalAmount"":{""unit"":{""@class"":""tech.tongyu.bct.cm.reference.impl.CurrencyUnit"",""symbol"":""￥"",""name"":""CNY""},""value"":[""java.math.BigDecimal"",32095844.25]},""participationRate"":0.78,""startDate"":""2020-08-27"",""endDate"":""2022-04-01"",""daysInYear"":365,""term"":582,""annualized"":false,""annValRatio"":null,""exerciseType"":""EUROPEAN"",""expirationDate"":{""@class"":""tech.tongyu.bct.cm.core.AbsoluteDate"",""unadjustedDate"":""2022-04-01"",""adjustment"":{""businessDayConvention"":""NONE"",""businessCenters"":[]}},""specifiedPrice"":""CLOSE"",""expirationTime"":null,""initialSpot"":4729.711,""settlementDate"":""2022-04-01"",""settlementType"":""CASH"",""strike"":{""unit"":{""@class"":""tech.tongyu.bct.cm.reference.impl.CurrencyUnit"",""symbol"":""￥"",""name"":""CNY""},""value"":[""java.math.BigDecimal"",4729.711]},""effectiveDate"":""2020-08-27""},""partyRoles"":[{""@class"":""tech.tongyu.bct.cm.product.iov.impl.PartyRole"",""party"":{""@class"":""tech.tongyu.bct.cm.reference.impl.SimpleParty"",""partyUUID"":""6d020fd8-2927-47e3-abaa-24ce3390259e"",""partyName"":""party"",""partyCode"":""party""},""role"":""BUYER"",""account"":null},{""@class"":""tech.tongyu.bct.cm.product.iov.impl.PartyRole"",""party"":{""@class"":""tech.tongyu.bct.cm.reference.impl.SimpleParty"",""partyUUID"":""38e72e34-1f7a-4481-a993-0d4389e1eafc"",""partyName"":""对手方002"",""partyCode"":""对手方002""},""role"":""SELLER"",""account"":null}],""quantityFactors"":{}}","{""@class"":""tech.tongyu.bct.cm.reference.impl.SimpleParty"",""partyUUID"":""a0ce08aa-604d-4c9e-b7de-23ae5cd64584"",""partyName"":""对手方002"",""partyCode"":""对手方002""}","{""@class"":""tech.tongyu.bct.cm.reference.impl.SimpleAccount"",""accountUUID"":""857e65c0-568a-4083-a66f-889ce57353d9"",""accountCode"":""empty"",""accountName"":""empty""}",OPEN,"{""@class"":""tech.tongyu.bct.cm.reference.impl.SimpleAccount"",""accountUUID"":""dcba1c0e-0f50-4b10-aedd-e15e10daca29"",""accountCode"":""empty"",""accountName"":""empty""}",0.0
04d948f4-8e0f-11eb-b3bb-8c8590a4e7d8_0,0.0,"{""@class"":""tech.tongyu.bct.cm.product.asset.AssetImpl"",""instrument"":{""@class"":""tech.tongyu.bct.cm.product.iov.impl.AnnualizedVanillaOption"",""underlyerMultiplier"":3.35E+3,""underlyer"":{""@class"":""tech.tongyu.bct.cm.product.iov.cmd.impl.CommodityFutureInstrument"",""issueDate"":null,""maturityDate"":null,""underlyer"":{""instrumentId"":null,""description"":null,""currency"":{""symbol"":""￥"",""name"":""CNY""},""venue"":null},""currency"":{""symbol"":""￥"",""name"":""CNY""},""assetClassType"":""COMMODITY"",""instrumentId"":""RB2009.SHF"",""venue"":null},""optionType"":""CALL"",""assetClassType"":""COMMODITY"",""productType"":""VANILLA_AMERICAN"",""frontPremium"":{""unit"":{""@class"":""tech.tongyu.bct.cm.reference.impl.CurrencyUnit"",""symbol"":""￥"",""name"":""CNY""},""value"":[""java.math.BigDecimal"",0]},""minimumPremium"":{""unit"":{""@class"":""tech.tongyu.bct.cm.reference.impl.CurrencyUnit"",""symbol"":""￥"",""name"":""CNY""},""value"":[""java.math.BigDecimal"",0]},""premium"":{""unit"":{""@class"":""tech.tongyu.bct.cm.reference.impl.CurrencyUnit"",""symbol"":""￥"",""name"":""CNY""},""value"":[""java.math.BigDecimal"",0]},""notionalAmount"":{""unit"":{""@class"":""tech.tongyu.bct.cm.reference.impl.CurrencyUnit"",""symbol"":""￥"",""name"":""CNY""},""value"":[""java.math.BigDecimal"",19365713.09]},""participationRate"":0.87,""startDate"":""2020-08-27"",""endDate"":""2022-11-18"",""daysInYear"":365,""term"":813,""annualized"":true,""annValRatio"":null,""exerciseType"":""AMERICAN"",""expirationDate"":{""@class"":""tech.tongyu.bct.cm.core.AbsoluteDate"",""unadjustedDate"":""2022-11-18"",""adjustment"":{""businessDayConvention"":""NONE"",""businessCenters"":[]}},""specifiedPrice"":""CLOSE"",""expirationTime"":null,""initialSpot"":3089.653725,""settlementDate"":""2022-11-18"",""settlementType"":""CASH"",""strike"":{""unit"":{""@class"":""tech.tongyu.bct.cm.reference.impl.CurrencyUnit"",""symbol"":""￥"",""name"":""CNY""},""value"":[""java.math.BigDecimal"",3089.653725]},""effectiveDate"":""2020-08-27""},""partyRoles"":[{""@class"":""tech.tongyu.bct.cm.product.iov.impl.PartyRole"",""party"":{""@class"":""tech.tongyu.bct.cm.reference.impl.SimpleParty"",""partyUUID"":""31743ae3-8b92-448f-ad09-15f56ec804c0"",""partyName"":""party"",""partyCode"":""party""},""role"":""BUYER"",""account"":null},{""@class"":""tech.tongyu.bct.cm.product.iov.impl.PartyRole"",""party"":{""@class"":""tech.tongyu.bct.cm.reference.impl.SimpleParty"",""partyUUID"":""6fda0369-68a4-4cbd-9b46-b8d25e8b2dca"",""partyName"":""对手方001"",""partyCode"":""对手方001""},""role"":""SELLER"",""account"":null}],""quantityFactors"":{}}","{""@class"":""tech.tongyu.bct.cm.reference.impl.SimpleParty"",""partyUUID"":""702baf16-266e-4d69-b1e5-357aa475e697"",""partyName"":""对手方001"",""partyCode"":""对手方001""}","{""@class"":""tech.tongyu.bct.cm.reference.impl.SimpleAccount"",""accountUUID"":""d8819bc0-a16b-47ca-a3b1-c1652647ae67"",""accountCode"":""empty"",""accountName"":""empty""}",OPEN,"{""@class"":""tech.tongyu.bct.cm.reference.impl.SimpleAccount"",""accountUUID"":""f98e5764-61bc-440d-b472-e60def1ee6f1"",""accountCode"":""empty"",""accountName"":""empty""}",0.0
04d949e4-8e0f-11eb-b3bb-8c8590a4e7d8_0,0.0,"{""@class"":""tech.tongyu.bct.cm.product.asset.AssetImpl"",""instrument"":{""@class"":""tech.tongyu.bct.cm.product.iov.impl.AnnualizedVanillaOption"",""underlyerMultiplier"":1,""underlyer"":{""@class"":""tech.tongyu.bct.cm.product.iov.eqd.impl.EquityIndexInstrument"",""instrumentId"":""000905.SH"",""venue"":null,""assetClassType"":null,""productType"":null},""optionType"":""CALL"",""assetClassType"":""EQUITY"",""productType"":""VANILLA_EUROPEAN"",""frontPremium"":{""unit"":{""@class"":""tech.tongyu.bct.cm.reference.impl.CurrencyUnit"",""symbol"":""￥"",""name"":""CNY""},""value"":[""java.math.BigDecimal"",0]},""minimumPremium"":{""unit"":{""@class"":""tech.tongyu.bct.cm.reference.impl.CurrencyUnit"",""symbol"":""￥"",""name"":""CNY""},""value"":[""java.math.BigDecimal"",0]},""premium"":{""unit"":{""@class"":""tech.tongyu.bct.cm.reference.impl.CurrencyUnit"",""symbol"":""￥"",""name"":""CNY""},""value"":[""java.math.BigDecimal"",0]},""notionalAmount"":{""unit"":{""@class"":""tech.tongyu.bct.cm.reference.impl.CurrencyUnit"",""symbol"":""￥"",""name"":""CNY""},""value"":[""java.math.BigDecimal"",18319582.1118]},""participationRate"":0.81,""startDate"":""2020-08-27"",""endDate"":""2021-02-28"",""daysInYear"":365,""term"":185,""annualized"":true,""annValRatio"":null,""exerciseType"":""EUROPEAN"",""expirationDate"":{""@class"":""tech.tongyu.bct.cm.core.AbsoluteDate"",""unadjustedDate"":""2021-02-28"",""adjustment"":{""businessDayConvention"":""NONE"",""businessCenters"":[]}},""specifiedPrice"":""CLOSE"",""expirationTime"":null,""initialSpot"":4729.711,""settlementDate"":""2021-02-28"",""settlementType"":""CASH"",""strike"":{""unit"":{""@class"":""tech.tongyu.bct.cm.reference.impl.CurrencyUnit"",""symbol"":""￥"",""name"":""CNY""},""value"":[""java.math.BigDecimal"",4729.711]},""effectiveDate"":""2020-08-27""},""partyRoles"":[{""@class"":""tech.tongyu.bct.cm.product.iov.impl.PartyRole"",""party"":{""@class"":""tech.tongyu.bct.cm.reference.impl.SimpleParty"",""partyUUID"":""66777200-3d8d-49f1-a817-1e5e5d4795cc"",""partyName"":""party"",""partyCode"":""party""},""role"":""SELLER"",""account"":null},{""@class"":""tech.tongyu.bct.cm.product.iov.impl.PartyRole"",""party"":{""@class"":""tech.tongyu.bct.cm.reference.impl.SimpleParty"",""partyUUID"":""7fd6476f-f696-4f56-a3f6-154dc9fded6d"",""partyName"":""对手方002"",""partyCode"":""对手方002""},""role"":""BUYER"",""account"":null}],""quantityFactors"":{}}","{""@class"":""tech.tongyu.bct.cm.reference.impl.SimpleParty"",""partyUUID"":""8c63c75b-4e8d-4f2e-8084-cf21461a8b2a"",""partyName"":""对手方002"",""partyCode"":""对手方002""}","{""@class"":""tech.tongyu.bct.cm.reference.impl.SimpleAccount"",""accountUUID"":""faefec03-fc20-4c30-9fef-b9b0599d1a8b"",""accountCode"":""empty"",""accountName"":""empty""}",OPEN,"{""@class"":""tech.tongyu.bct.cm.reference.impl.SimpleAccount"",""accountUUID"":""55ca97d0-2d47-4936-b6a7-d634ee2bc500"",""accountCode"":""empty"",""accountName"":""empty""}",0.0
04d94ad4-8e0f-11eb-b3bb-8c8590a4e7d8_0,0.0,"{""@class"":""tech.tongyu.bct.cm.product.asset.AssetImpl"",""instrument"":{""@class"":""tech.tongyu.bct.cm.product.iov.impl.AnnualizedVanillaOption"",""underlyerMultiplier"":3.35E+3,""underlyer"":{""@class"":""tech.tongyu.bct.cm.product.iov.cmd.impl.CommodityFutureInstrument"",""issueDate"":null,""maturityDate"":null,""underlyer"":{""instrumentId"":null,""description"":null,""currency"":{""symbol"":""￥"",""name"":""CNY""},""venue"":null},""currency"":{""symbol"":""￥"",""name"":""CNY""},""assetClassType"":""COMMODITY"",""instrumentId"":""RB2009.SHF"",""venue"":null},""optionType"":""CALL"",""assetClassType"":""COMMODITY"",""productType"":""VANILLA_AMERICAN"",""frontPremium"":{""unit"":{""@class"":""tech.tongyu.bct.cm.reference.impl.CurrencyUnit"",""symbol"":""￥"",""name"":""CNY""},""value"":[""java.math.BigDecimal"",0]},""minimumPremium"":{""unit"":{""@class"":""tech.tongyu.bct.cm.reference.impl.CurrencyUnit"",""symbol"":""￥"",""name"":""CNY""},""value"":[""java.math.BigDecimal"",0]},""premium"":{""unit"":{""@class"":""tech.tongyu.bct.cm.reference.impl.CurrencyUnit"",""symbol"":""￥"",""name"":""CNY""},""value"":[""java.math.BigDecimal"",0]},""notionalAmount"":{""unit"":{""@class"":""tech.tongyu.bct.cm.reference.impl.CurrencyUnit"",""symbol"":""￥"",""name"":""CNY""},""value"":[""java.math.BigDecimal"",268722427.20519996]},""participationRate"":0.95,""startDate"":""2020-08-27"",""endDate"":""2024-01-05"",""daysInYear"":3.6E+2,""term"":1226,""annualized"":true,""annValRatio"":null,""exerciseType"":""AMERICAN"",""expirationDate"":{""@class"":""tech.tongyu.bct.cm.core.AbsoluteDate"",""unadjustedDate"":""2024-01-05"",""adjustment"":{""businessDayConvention"":""NONE"",""businessCenters"":[]}},""specifiedPrice"":""CLOSE"",""expirationTime"":null,""initialSpot"":3089.653725,""settlementDate"":""2024-01-05"",""settlementType"":""CASH"",""strike"":{""unit"":{""@class"":""tech.tongyu.bct.cm.reference.impl.CurrencyUnit"",""symbol"":""￥"",""name"":""CNY""},""value"":[""java.math.BigDecimal"",3089.653725]},""effectiveDate"":""2020-08-27""},""partyRoles"":[{""@class"":""tech.tongyu.bct.cm.product.iov.impl.PartyRole"",""party"":{""@class"":""tech.tongyu.bct.cm.reference.impl.SimpleParty"",""partyUUID"":""36a7d74c-18cb-4f74-b06c-394150963b0f"",""partyName"":""party"",""partyCode"":""party""},""role"":""SELLER"",""account"":null},{""@class"":""tech.tongyu.bct.cm.product.iov.impl.PartyRole"",""party"":{""@class"":""tech.tongyu.bct.cm.reference.impl.SimpleParty"",""partyUUID"":""f20812f9-778d-4ae0-9238-695b4de7b17a"",""partyName"":""对手方003"",""partyCode"":""对手方003""},""role"":""BUYER"",""account"":null}],""quantityFactors"":{}}","{""@class"":""tech.tongyu.bct.cm.reference.impl.SimpleParty"",""partyUUID"":""15149a3d-d38a-4a98-b25a-1a982e5e89be"",""partyName"":""对手方003"",""partyCode"":""对手方003""}","{""@class"":""tech.tongyu.bct.cm.reference.impl.SimpleAccount"",""accountUUID"":""52e3af05-70e1-46e0-b5b2-58e899e9a931"",""accountCode"":""empty"",""accountName"":""empty""}",OPEN,"{""@class"":""tech.tongyu.bct.cm.reference.impl.SimpleAccount"",""accountUUID"":""c177a5c7-01ed-409b-bd15-f9f628059afd"",""accountCode"":""empty"",""accountName"":""empty""}",0.0
04d94d72-8e0f-11eb-b3bb-8c8590a4e7d8_0,0.0,"{""@class"":""tech.tongyu.bct.cm.product.asset.AssetImpl"",""instrument"":{""@class"":""tech.tongyu.bct.cm.product.iov.impl.AnnualizedVanillaOption"",""underlyerMultiplier"":1,""underlyer"":{""@class"":""tech.tongyu.bct.cm.product.iov.eqd.impl.EquityIndexInstrument"",""instrumentId"":""000905.SH"",""venue"":null,""assetClassType"":null,""productType"":null},""optionType"":""PUT"",""assetClassType"":""EQUITY"",""productType"":""VANILLA_EUROPEAN"",""frontPremium"":{""unit"":{""@class"":""tech.tongyu.bct.cm.reference.impl.CurrencyUnit"",""symbol"":""￥"",""name"":""CNY""},""value"":[""java.math.BigDecimal"",0]},""minimumPremium"":{""unit"":{""@class"":""tech.tongyu.bct.cm.reference.impl.CurrencyUnit"",""symbol"":""￥"",""name"":""CNY""},""value"":[""java.math.BigDecimal"",0]},""premium"":{""unit"":{""@class"":""tech.tongyu.bct.cm.reference.impl.CurrencyUnit"",""symbol"":""￥"",""name"":""CNY""},""value"":[""java.math.BigDecimal"",0]},""notionalAmount"":{""unit"":{""@class"":""tech.tongyu.bct.cm.reference.impl.CurrencyUnit"",""symbol"":""￥"",""name"":""CNY""},""value"":[""java.math.BigDecimal"",41549154.9718]},""participationRate"":0.86,""startDate"":""2020-08-27"",""endDate"":""2023-10-20"",""daysInYear"":365,""term"":1149,""annualized"":false,""annValRatio"":null,""exerciseType"":""EUROPEAN"",""expirationDate"":{""@class"":""tech.tongyu.bct.cm.core.AbsoluteDate"",""unadjustedDate"":""2023-10-20"",""adjustment"":{""businessDayConvention"":""NONE"",""businessCenters"":[]}},""specifiedPrice"":""CLOSE"",""expirationTime"":null,""initialSpot"":4629.711,""settlementDate"":""2023-10-20"",""settlementType"":""CASH"",""strike"":{""unit"":{""@class"":""tech.tongyu.bct.cm.reference.impl.CurrencyUnit"",""symbol"":""￥"",""name"":""CNY""},""value"":[""java.math.BigDecimal"",4629.711]},""effectiveDate"":""2020-08-27""},""partyRoles"":[{""@class"":""tech.tongyu.bct.cm.product.iov.impl.PartyRole"",""party"":{""@class"":""tech.tongyu.bct.cm.reference.impl.SimpleParty"",""partyUUID"":""8d40c172-180a-4001-850c-df5f27c3046d"",""partyName"":""party"",""partyCode"":""party""},""role"":""SELLER"",""account"":null},{""@class"":""tech.tongyu.bct.cm.product.iov.impl.PartyRole"",""party"":{""@class"":""tech.tongyu.bct.cm.reference.impl.SimpleParty"",""partyUUID"":""e199122c-e9ef-4611-a594-d186dda2aa4d"",""partyName"":""对手方003"",""partyCode"":""对手方003""},""role"":""BUYER"",""account"":null}],""quantityFactors"":{}}","{""@class"":""tech.tongyu.bct.cm.reference.impl.SimpleParty"",""partyUUID"":""a6a9470b-eebf-412a-9369-2de7e4728d11"",""partyName"":""对手方003"",""partyCode"":""对手方003""}","{""@class"":""tech.tongyu.bct.cm.reference.impl.SimpleAccount"",""accountUUID"":""0f942676-3d5d-4da1-8e0c-e7a297faede2"",""accountCode"":""empty"",""accountName"":""empty""}",OPEN,"{""@class"":""tech.tongyu.bct.cm.reference.impl.SimpleAccount"",""accountUUID"":""29096ef4-f707-4877-849e-d9b3d0d6bbbd"",""accountCode"":""empty"",""accountName"":""empty""}",0.0
04d94e58-8e0f-11eb-b3bb-8c8590a4e7d8_0,0.0,"{""@class"":""tech.tongyu.bct.cm.product.asset.AssetImpl"",""instrument"":{""@class"":""tech.tongyu.bct.cm.product.iov.impl.AnnualizedVanillaOption"",""underlyerMultiplier"":1,""underlyer"":{""@class"":""tech.tongyu.bct.cm.product.iov.eqd.impl.ListedEquityInstrument"",""instrumentId"":""600030.SH"",""description"":""600030.SH"",""currency"":null,""venue"":null},""optionType"":""CALL"",""assetClassType"":""EQUITY"",""productType"":""VANILLA_EUROPEAN"",""frontPremium"":{""unit"":{""@class"":""tech.tongyu.bct.cm.reference.impl.CurrencyUnit"",""symbol"":""￥"",""name"":""CNY""},""value"":[""java.math.BigDecimal"",0]},""minimumPremium"":{""unit"":{""@class"":""tech.tongyu.bct.cm.reference.impl.CurrencyUnit"",""symbol"":""￥"",""name"":""CNY""},""value"":[""java.math.BigDecimal"",0]},""premium"":{""unit"":{""@class"":""tech.tongyu.bct.cm.reference.impl.CurrencyUnit"",""symbol"":""￥"",""name"":""CNY""},""value"":[""java.math.BigDecimal"",0]},""notionalAmount"":{""unit"":{""@class"":""tech.tongyu.bct.cm.reference.impl.CurrencyUnit"",""symbol"":""￥"",""name"":""CNY""},""value"":[""java.math.BigDecimal"",723466465.3502]},""participationRate"":0.95,""startDate"":""2020-08-27"",""endDate"":""2021-05-28"",""daysInYear"":365,""term"":274,""annualized"":true,""annValRatio"":null,""exerciseType"":""EUROPEAN"",""expirationDate"":{""@class"":""tech.tongyu.bct.cm.core.AbsoluteDate"",""unadjustedDate"":""2021-05-28"",""adjustment"":{""businessDayConvention"":""NONE"",""businessCenters"":[]}},""specifiedPrice"":""CLOSE"",""expirationTime"":null,""initialSpot"":18.4686824324324324,""settlementDate"":""2021-05-28"",""settlementType"":""CASH"",""strike"":{""unit"":{""@class"":""tech.tongyu.bct.cm.reference.impl.CurrencyUnit"",""symbol"":""￥"",""name"":""CNY""},""value"":[""java.math.BigDecimal"",18.468682]},""effectiveDate"":""2020-08-27""},""partyRoles"":[{""@class"":""tech.tongyu.bct.cm.product.iov.impl.PartyRole"",""party"":{""@class"":""tech.tongyu.bct.cm.reference.impl.SimpleParty"",""partyUUID"":""73bfcabb-5889-4d48-a485-6c7947644201"",""partyName"":""party"",""partyCode"":""party""},""role"":""BUYER"",""account"":null},{""@class"":""tech.tongyu.bct.cm.product.iov.impl.PartyRole"",""party"":{""@class"":""tech.tongyu.bct.cm.reference.impl.SimpleParty"",""partyUUID"":""fb99a99f-c310-4a0d-b931-68e17bc09713"",""partyName"":""对手方001"",""partyCode"":""对手方001""},""role"":""SELLER"",""account"":null}],""quantityFactors"":{}}","{""@class"":""tech.tongyu.bct.cm.reference.impl.SimpleParty"",""partyUUID"":""9a6bb59a-ff2b-4fd6-81e2-55e234c05770"",""partyName"":""对手方001"",""partyCode"":""对手方001""}","{""@class"":""tech.tongyu.bct.cm.reference.impl.SimpleAccount"",""accountUUID"":""bde3ec45-6916-4fe8-b413-31f3dd376eda"",""accountCode"":""empty"",""accountName"":""empty""}",OPEN,"{""@class"":""tech.tongyu.bct.cm.reference.impl.SimpleAccount"",""accountUUID"":""2da3ac2d-b598-4a2a-b295-7f871342efe4"",""accountCode"":""empty"",""accountName"":""empty""}",0.0
